[TOC]



## 查询数据表

```mysql
SELECT {* | <字段列名>}
[
FROM <表 1>, <表 2>…
[WHERE <表达式>
[GROUP BY <group by definition>
[HAVING <expression> [{<operator> <expression>}…]]
[ORDER BY <order by definition>]
[LIMIT[<offset>,] <row count>]
]
```

### 基本查询

```mysql
SELECT * FROM 表名;
SELECT < 列名 > FROM < 表名 >;
```

### 去重

```mysql
SELECT DISTINCT <字段名> FROM <表名>;

SELECT DISTINCT age FROM student;
SELECT DISTINCT name,age FROM student;
```

- DISTINCT 关键字只能在 SELECT 语句中使用。
- 在对一个或多个字段去重时，DISTINCT 关键字必须在所有字段的最前面。
- 如果 DISTINCT 关键字后有多个字段，则会对多个字段进行组合去重，也就是说，只有多个字段组合起来完全是一样的情况下才会被去重。

### 设置别名

```mysql
# 为表设置别名
SELECT stu.name,stu.height FROM tb_students_info AS stu;

# 为字段设置别名
SELECT name AS student_name, age AS student_age FROM tb_students_info;
```

### 限制结果条数

```mysql
# 设置起始位置并限制结果条数（下面的语句意义相同）
SELECT * FROM tb_students_info LIMIT 3,5;
SELECT * FROM tb_students_info LIMIT 5 OFFSET 3; 

# 仅限制结果条数
SELECT * FROM tb_students_info LIMIT 4;
```

### 排序

```mysql
SELECT * FROM tb_students_info ORDER BY height;
SELECT name,height FROM tb_students_info ORDER BY height,name;
SELECT name,height FROM tb_student_info ORDER BY height DESC,name ASC;
```

> `ASC`表示字段按升序排序；`DESC`表示字段按降序排序。其中`ASC`为默认值。

### 条件查询

```mysql
SELECT name,height FROM tb_students_info WHERE height=170;
SELECT name,age FROM tb_students_info WHERE age<22;
SELECT name,age,height FROM tb_students_info WHERE age>21 AND height>=175;
SELECT name,age,height FROM tb_students_info WHERE age>21 OR height>=175;
SELECT name,age,height FROM tb_students_info WHERE age>21 XOR height>=175;
```

> - AND：记录满足所有查询条件时，才会被查询出来。
> - OR：记录满足任意一个查询条件时，才会被查询出来。
> - XOR：记录满足其中一个条件，并且不满足另一个条件时，才会被查询出来。

### 模糊查询

```mysql
SELECT name FROM tb_students_info WHERE name LIKE 'T%';
SELECT NAME FROM tb_students_info WHERE NAME NOT LIKE 'T%';
SELECT name FROM tb_students_info WHERE name LIKE '%e%'
SELECT name FROM tb_students_info WHERE name LIKE '____y';
SELECT name FROM tb_students_info WHERE name LIKE BINARY 't%';
```

> “%”是 MySQL 中最常用的通配符，它能代表任何长度的字符串，字符串的长度可以为 0。例如，`a%b`表示以字母 a 开头，以字母 b 结尾的任意长度的字符串。该字符串可以代表 ab、acb、accb、accrb 等字符串。
>
> “_”只能代表单个字符，字符的长度不能为 0。例如，`a_b`可以代表 acb、adb、aub 等字符串。
>
> 默认情况下，LIKE 关键字匹配字符的时候是不区分大小写的。如果需要区分大小写，可以加入 BINARY 关键字。

> - **注意大小写**。MySQL 默认是不区分大小写的。如果区分大小写，像“Tom”这样的数据就不能被“t%”所匹配到。
> - **注意尾部空格**，尾部空格会干扰通配符的匹配。例如，“T% ”就不能匹配到“Tom”。
> - **注意 NULL**。“%”通配符可以到匹配任意字符，但是不能匹配 NULL。也就是说 “%”匹配不到 tb_students_info 数据表中值为 NULL 的记录。

### 范围查询

```mysql
SELECT name,age FROM tb_students_info WHERE age BETWEEN 20 AND 23;
SELECT name,age FROM tb_students_info WHERE age NOT BETWEEN 20 AND 23;
SELECT name,login_date FROM tb_students_info WHERE login_date BETWEEN '2015-10-01' AND '2016-05-01';
```

### 空值查询

```mysql
SELECT `name`,`login_date` FROM tb_students_info WHERE login_date IS NULL;
SELECT `name`,login_date FROM tb_students_info WHERE login_date IS NOT NULL;
```

### 分组查询

```mysql
SELECT `name`,`sex` FROM tb_students_info GROUP BY sex;
+-------+------+
| name  | sex  |
+-------+------+
| Henry | 女   |
| Dany  | 男   |
+-------+------+
```

```mysql
SELECT `sex`, GROUP_CONCAT(name) FROM tb_students_info GROUP BY sex;
+------+----------------------------+
| sex  | GROUP_CONCAT(name)         |
+------+----------------------------+
| 女   | Henry,Jim,John,Thomas,Tom  |
| 男   | Dany,Green,Jane,Lily,Susan |
+------+----------------------------+
```

```mysql
SELECT age,sex,GROUP_CONCAT(name) FROM tb_students_info GROUP BY age,sex;
+------+------+--------------------+
| age  | sex  | GROUP_CONCAT(name) |
+------+------+--------------------+
|   21 | 女   | John               |
|   22 | 女   | Thomas             |
|   22 | 男   | Jane,Lily          |
|   23 | 女   | Henry,Tom          |
|   23 | 男   | Green,Susan        |
|   24 | 女   | Jim                |
|   25 | 男   | Dany               |
+------+------+--------------------+
```

#### 聚合

```mysql
SELECT sex,COUNT(sex) FROM tb_students_info GROUP BY sex;
+------+------------+
| sex  | COUNT(sex) |
+------+------------+
| 女   |          5 |
| 男   |          5 |
+------+------------+
```

#### WITH ROLLUP

```mysql
SELECT sex,GROUP_CONCAT(name) FROM tb_students_info GROUP BY sex WITH ROLLUP;
+------+------------------------------------------------------+
| sex  | GROUP_CONCAT(name)                                   |
+------+------------------------------------------------------+
| 女   | Henry,Jim,John,Thomas,Tom                            |
| 男   | Dany,Green,Jane,Lily,Susan                           |
| NULL | Henry,Jim,John,Thomas,Tom,Dany,Green,Jane,Lily,Susan |
+------+------------------------------------------------------+
```

> WITH POLLUP 关键字用来在所有记录的最后加上一条记录，这条记录是上面所有记录的总和，即统计记录数量。

### 过滤分组

```mysql
SELECT name,sex,height FROM tb_students_info WHERE height>150;
SELECT name,sex FROM tb_students_info HAVING height>150;  /* Bad */

## 一般用来过滤分组
SELECT GROUP_CONCAT(name),sex,height FROM tb_students_info 
    -> GROUP BY height 
    -> HAVING AVG(height)>170;
+--------------------+------+--------+
| GROUP_CONCAT(name) | sex  | height |
+--------------------+------+--------+
| John               | 女   |    172 |
| Jim                | 女   |    175 |
| Thomas             | 女   |    178 |
| Henry              | 女   |    185 |
+--------------------+------+--------+
```

HAVING 关键字和 WHERE 关键字都可以用来过滤数据，且 HAVING 支持 WHERE 关键字中所有的操作符和语法。

但是 WHERE 和 HAVING 关键字也存在以下几点差异：

- 一般情况下，WHERE 用于过滤数据行，而 HAVING 用于过滤分组。
- WHERE 查询条件中不可以使用聚合函数，而 HAVING 查询条件中可以使用聚合函数。
- WHERE 在数据分组前进行过滤，而 HAVING 在数据分组后进行过滤 。
- WHERE 针对数据库文件进行过滤，而 HAVING 针对查询结果进行过滤。也就是说，WHERE 根据数据表中的字段直接进行过滤，而 HAVING 是根据前面已经查询出的字段进行过滤。
- WHERE 查询条件中不可以使用字段别名，而 HAVING 查询条件中可以使用字段别名。



### 连接查询

表数据

```mysql
SELECT * FROM tb_students_info;
+----+--------+------+------+--------+-----------+
| id | name   | age  | sex  | height | course_id |
+----+--------+------+------+--------+-----------+
|  1 | Dany   |   25 | 男   |    160 |         1 |
|  2 | Green  |   23 | 男   |    158 |         2 |
|  3 | Henry  |   23 | 女   |    185 |         1 |
|  4 | Jane   |   22 | 男   |    162 |         3 |
|  5 | Jim    |   24 | 女   |    175 |         2 |
|  6 | John   |   21 | 女   |    172 |         4 |
|  7 | Lily   |   22 | 男   |    165 |         4 |
|  8 | Susan  |   23 | 男   |    170 |         5 |
|  9 | Thomas |   22 | 女   |    178 |         5 |
| 10 | Tom    |   23 | 女   |    165 |         5 |
+----+--------+------+------+--------+-----------+
```

```mysql
SELECT * FROM tb_course;
+----+-------------+
| id | course_name |
+----+-------------+
|  1 | Java        |
|  2 | MySQL       |
|  3 | Python      |
|  4 | Go          |
|  5 | C++         |
+----+-------------+
```

#### 交叉连接

```mysql
SELECT * FROM tb_course CROSS JOIN tb_students_info 
    -> WHERE tb_students_info.course_id = tb_course.id;
+----+-------------+----+--------+------+------+--------+-----------+
| id | course_name | id | name   | age  | sex  | height | course_id |
+----+-------------+----+--------+------+------+--------+-----------+
|  1 | Java        |  1 | Dany   |   25 | 男   |    160 |         1 |
|  2 | MySQL       |  2 | Green  |   23 | 男   |    158 |         2 |
|  1 | Java        |  3 | Henry  |   23 | 女   |    185 |         1 |
|  3 | Python      |  4 | Jane   |   22 | 男   |    162 |         3 |
|  2 | MySQL       |  5 | Jim    |   24 | 女   |    175 |         2 |
|  4 | Go          |  6 | John   |   21 | 女   |    172 |         4 |
|  4 | Go          |  7 | Lily   |   22 | 男   |    165 |         4 |
|  5 | C++         |  8 | Susan  |   23 | 男   |    170 |         5 |
|  5 | C++         |  9 | Thomas |   22 | 女   |    178 |         5 |
|  5 | C++         | 10 | Tom    |   23 | 女   |    165 |         5 |
+----+-------------+----+--------+------+------+--------+-----------+
10 rows in set (0.01 sec)
```

#### 内连接

```mysql
SELECT <字段名> FROM <表1> INNER JOIN <表2> [ON子句]

SELECT s.name,c.course_name FROM tb_students_info s INNER JOIN tb_course c 
    -> ON s.course_id = c.id;
+--------+-------------+
| name   | course_name |
+--------+-------------+
| Dany   | Java        |
| Green  | MySQL       |
| Henry  | Java        |
| Jane   | Python      |
| Jim    | MySQL       |
| John   | Go          |
| Lily   | Go          |
| Susan  | C++         |
| Thomas | C++         |
| Tom    | C++         |
+--------+-------------+
10 rows in set (0.00 sec)
```

内连接（INNER JOIN）主要通过设置连接条件的方式，来移除查询结果中某些数据行的交叉连接。简单来说，就是利用条件表达式来消除交叉连接的某些数据行。

内连接使用 **INNER JOIN** 关键字连接两张表，并使用 ON 子句来设置连接条件。如果没有连接条件，INNER JOIN 和 CROSS JOIN 在语法上是等同的，两者可以互换。

#### 外连接

数据

```mysql
mysql> SELECT * FROM tb_course;
+----+-------------+
| id | course_name |
+----+-------------+
|  1 | Java        |
|  2 | MySQL       |
|  3 | Python      |
|  4 | Go          |
|  5 | C++         |
|  6 | HTML        |
+----+-------------+
6 rows in set (0.00 sec)

mysql> SELECT * FROM tb_students_info;
+----+--------+------+------+--------+-----------+
| id | name   | age  | sex  | height | course_id |
+----+--------+------+------+--------+-----------+
|  1 | Dany   |   25 | 男   |    160 |         1 |
|  2 | Green  |   23 | 男   |    158 |         2 |
|  3 | Henry  |   23 | 女   |    185 |         1 |
|  4 | Jane   |   22 | 男   |    162 |         3 |
|  5 | Jim    |   24 | 女   |    175 |         2 |
|  6 | John   |   21 | 女   |    172 |         4 |
|  7 | Lily   |   22 | 男   |    165 |         4 |
|  8 | Susan  |   23 | 男   |    170 |         5 |
|  9 | Thomas |   22 | 女   |    178 |         5 |
| 10 | Tom    |   23 | 女   |    165 |         5 |
| 11 | LiMing |   22 | 男   |    180 |         7 |
+----+--------+------+------+--------+-----------+
11 rows in set (0.00 sec)
```

##### 左连接

```mysql
SELECT <字段名> FROM <表1> LEFT OUTER JOIN <表2> <ON子句>

SELECT s.name,c.course_name FROM tb_students_info s LEFT OUTER JOIN tb_course c 
    -> ON s.`course_id`=c.`id`;
+--------+-------------+
| name   | course_name |
+--------+-------------+
| Dany   | Java        |
| Henry  | Java        |
| NULL   | Java        |
| Green  | MySQL       |
| Jim    | MySQL       |
| Jane   | Python      |
| John   | Go          |
| Lily   | Go          |
| Susan  | C++         |
| Thomas | C++         |
| Tom    | C++         |
| LiMing | NULL        |
+--------+-------------+
```

语法说明如下。

- 字段名：需要查询的字段名称。
- <表1><表2>：需要左连接的表名。
- LEFT OUTER JOIN：左连接中可以省略 OUTER 关键字，只使用关键字 LEFT JOIN。
- ON 子句：用来设置左连接的连接条件，不能省略。

上述语法中，“表1”为基表，“表2”为参考表。左连接查询时，可以查询出“表1”中的所有记录和“表2”中匹配连接条件的记录。如果“表1”的某行在“表2”中没有匹配行，那么在返回结果中，“表2”的字段值均为空值（NULL）。

##### 右连接

```mysql
SELECT <字段名> FROM <表1> RIGHT OUTER JOIN <表2> <ON子句>

SELECT s.name,c.course_name FROM tb_students_info s RIGHT OUTER JOIN tb_course c 
    -> ON s.`course_id`=c.`id`;
+--------+-------------+
| name   | course_name |
+--------+-------------+
| Dany   | Java        |
| Green  | MySQL       |
| Henry  | Java        |
| Jane   | Python      |
| Jim    | MySQL       |
| John   | Go          |
| Lily   | Go          |
| Susan  | C++         |
| Thomas | C++         |
| Tom    | C++         |
| NULL   | HTML        |
+--------+-------------+
```

- 字段名：需要查询的字段名称。
- <表1><表2>：需要右连接的表名。
- RIGHT OUTER JOIN：右连接中可以省略 OUTER 关键字，只使用关键字 RIGHT JOIN。
- ON 子句：用来设置右连接的连接条件，不能省略。

与左连接相反，右连接以“表2”为基表，“表1”为参考表。右连接查询时，可以查询出“表2”中的所有记录和“表1”中匹配连接条件的记录。如果“表2”的某行在“表1”中没有匹配行，那么在返回结果中，“表1”的字段值均为空值（NULL）。

### 子查询

```mysql
SELECT name FROM tb_students_info 
    -> WHERE course_id IN (SELECT id FROM tb_course WHERE course_name = 'Java');
    
SELECT name FROM tb_students_info 
    -> WHERE course_id NOT IN (SELECT id FROM tb_course WHERE course_name = 'Java');
    
SELECT name FROM tb_students_info
    -> WHERE course_id = (SELECT id FROM tb_course WHERE course_name = 'Python');
    
SELECT name FROM tb_students_info
    -> WHERE course_id <> (SELECT id FROM tb_course WHERE course_name = 'Python');
    
SELECT * FROM tb_students_info
    -> WHERE EXISTS(SELECT course_name FROM tb_course WHERE id=1);
    
SELECT * FROM tb_students_info
    -> WHERE age>24 AND EXISTS(SELECT course_name FROM tb_course WHERE id=1);
```

> #### IN | NOT IN 
>
> 当表达式与子查询返回的结果集中的某个值相等时，返回 TRUE，否则返回 FALSE；若使用关键字 NOT，则返回值正好相反。
>
> #### EXISTS | NOT EXISTS
>
> 用于判断子查询的结果集是否为空，若子查询的结果集不为空，返回 TRUE，否则返回 FALSE；若使用关键字 NOT，则返回的值正好相反。

#### 子查询注意事项

**1) 子查询语句可以嵌套在 SQL 语句中任何表达式出现的位置**

在 SELECT 语句中，子查询可以被嵌套在 SELECT 语句的列、表和查询条件中，即 SELECT 子句，FROM 子句、WHERE 子句、GROUP BY 子句和 HAVING 子句。

前面已经介绍了 WHERE 子句中嵌套子查询的使用方法，下面是子查询在 SELECT 子句和 FROM 子句中的使用语法。

嵌套在 SELECT 语句的 SELECT 子句中的子查询语法格式如下:

```mysql
SELECT (子查询) FROM 表名;
```

> 提示：子查询结果为单行单列，但不必指定列别名。

嵌套在 SELECT 语句的 FROM 子句中的子查询语法格式如下:

```mysql
SELECT * FROM (子查询) AS 表的别名;
```

> 注意：必须为表指定别名。一般返回多行多列数据记录，可以当作一张临时表。

**2) 只出现在子查询中而没有出现在父查询中的表不能包含在输出列中**

多层嵌套子查询的最终数据集只包含父查询（即最外层的查询）的 SELECT 子句中出现的字段，而子查询的输出结果通常会作为其外层子查询数据源或用于数据判断匹配。

常见错误如下：

```mysql
SELECT * FROM (SELECT * FROM result);
```

这个子查询语句产生语法错误的原因在于主查询语句的 FROM 子句是一个子查询语句，因此应该为子查询结果集指定别名。正确代码如下。

```mysql
SELECT * FROM (SELECT * FROM result) AS Temp;
```

### 正则查询

```mysql
属性名 REGEXP '匹配方式'
```

其中，“属性名”表示需要查询的字段名称；“匹配方式”表示以哪种方式来匹配查询。“匹配方式”中有很多的模式匹配字符，它们分别表示不同的意思。下表列出了 REGEXP 操作符中常用的匹配方式。

| 选项           | 说明                                  | 例子                                       | 匹配值示例                 |
| -------------- | ------------------------------------- | ------------------------------------------ | -------------------------- |
| `^`            | 匹配文本的开始字符                    | '^b' 匹配以字母 b 开头的字符串             | book、big、banana、bike    |
| `$`            | 匹配文本的结束字符                    | 'st$' 匹配以 st 结尾的字符串               | test、resist、persist      |
| `.`            | 匹配任何单个字符                      | 'b.t' 匹配任何 b 和 t 之间有一个字符       | bit、bat、but、bite        |
| `*`            | 匹配零个或多个在它前面的字符          | 'f*n' 匹配字符 n 前面有任意个字符 f        | fn、fan、faan、abcn        |
| `+`            | 匹配前面的字符 1 次或多次             | 'ba+' 匹配以 b 开头，后面至少紧跟一个 a    | ba、bay、bare、battle      |
| <字符串>       | 匹配包含指定字符的文本                | 'fa' 匹配包含‘fa’的文本                    | fan、afa、faad             |
| [字符集合]     | 匹配字符集合中的任何一个字符          | '[xz]' 匹配 x 或者 z                       | dizzy、zebra、x-ray、extra |
| `[^]`          | 匹配不在括号中的任何字符              | '[^abc]' 匹配任何不包含 a、b 或 c 的字符串 | desk、fox、f8ke            |
| 字符串`{n,}`   | 匹配前面的字符串至少 n 次             | 'b{2}' 匹配 2 个或更多的 b                 | bbb、bbbb、bbbbbbb         |
| 字符串 `{n,m}` | 匹配前面的字符串至少 n 次， 至多 m 次 | 'b{2,4}' 匹配最少 2 个，最多 4 个 b        | bbb、bbbb                  |

```mysql
# 查询 name 字段以“J”开头的记录
SELECT * FROM tb_students_info WHERE name REGEXP '^J';

# 查询 name 字段以“Ji”开头的记录
SELECT * FROM tb_students_info WHERE name REGEXP '^Ji';

# 查询 name 字段以“y”结尾的记录
SELECT * FROM tb_students_info WHERE name REGEXP 'y$';

# 查询 name 字段以“ry”结尾的记录
SELECT * FROM tb_students_info WHERE name REGEXP 'ry$';

# 查询 name 字段值包含“a”和“y”，且两个字母之间只有一个字母的记录
SELECT * FROM tb_students_info WHERE name REGEXP 'a.y';

# 查询 name 字段值包含字母“T”，且“T”后面出现字母“h”的记录
SELECT * FROM tb_students_info WHERE name REGEXP '^Th*'

# 查询 name 字段值包含字母“T”，且“T”后面至少出现“h”一次的记录
SELECT * FROM tb_students_info WHERE name REGEXP '^Th+';

# 查询 name 字段值包含字符串“an”的记录
SELECT * FROM tb_students_info WHERE name REGEXP 'an'

# 查询 name 字段值包含字符串“an”或“en”的记录
SELECT * FROM tb_students_info WHERE name REGEXP 'an|en';

# 查询 name 字段值包含字母“i”或“o”的记录
SELECT * FROM tb_students_info WHERE name REGEXP '[io]'

# 查询 name 字段值包含字母 a~t 以外的字符的记录
SELECT * FROM tb_students_info WHERE name REGEXP '[^a-t]'

# 查询 name 字段值出现字母‘e’ 至少 2 次的记录
SELECT * FROM tb_students_info WHERE name REGEXP 'e{2,}'

# 查询 name 字段值出现字符串“i” 最少 1 次，最多 3 次的记录
SELECT * FROM tb_students_info WHERE name REGEXP 'i{1,3}'
```

### SELECT IF/CASE

Mysql的if既可以作为表达式用，也可在存储过程中作为流程控制语句使用

#### IF表达式

```mysql
IF(expr1,expr2,expr3)
```

如果 expr1 是TRUE (expr1 <> 0 and expr1 <> NULL)，则 IF()的返回值为expr2; 否则返回值则为 expr3。IF() 的返回值为数字值或字符串值，具体情况视其所在语境而定。

```mysql
select *,if(sva=1,"男","女") as ssva from taname where sva != ""1
```

作为表达式的if也可以用**CASE when**来实现：

```mysql
select CASE sva WHEN 1 THEN '男' ELSE '女' END as ssva from taname where sva != ''1
```

在第一个方案的返回结果中， value=compare-value。而第二个方案的返回结果是第一种情况的真实结果。如果没有匹配的结果值，则返回结果为ELSE后的结果，如果没有ELSE 部分，则返回值为 NULL。

例如：

```mysql
SELECT CASE 1 WHEN 1 THEN 'one'
              WHEN 2 THEN 'two'
              ELSE 'more' END
              as testCol1234
```

将输出one

```mysql
IFNULL(expr1,expr2)1
```

假如expr1 不为 NULL，则 IFNULL() 的返回值为 expr1; 否则其返回值为 expr2。IFNULL()的返回值是数字或是字符串，具体情况取决于其所使用的语境。

```mysql
mysql> SELECT IFNULL(1,0);
        -> 1

mysql> SELECT IFNULL(NULL,10);
        -> 10

mysql> SELECT IFNULL(1/0,10);
        -> 10

mysql> SELECT IFNULL(1/0,'yes');
        -> 'yes'1234567891011
```

`IFNULL(expr1,expr2)` 的默认结果值为两个表达式中更加“通用”的一个，顺序为STRING、 REAL或 INTEGER。

#### IF ELSE 做为流程控制语句使用

if实现条件判断，满足不同条件执行不同的操作，这个我们只要学编程的都知道if的作用了，下面我们来看看mysql 存储过程中的if是如何使用的吧。

```bash
IF search_condition THEN
    statement_list
[ELSEIF search_condition THEN]
    statement_list ...
[ELSE
    statement_list]
END IF1234567
```

当IF中条件search_condition成立时，执行THEN后的statement_list语句，否则判断ELSEIF中的条件，成立则执行其后的statement_list语句，否则继续判断其他分支。当所有分支的条件均不成立时，执行ELSE分支。search_condition是一个条件表达式，可以由“=、<、<=、>、>=、!=”等条件运算符组成，并且可以使用AND、OR、NOT对多个表达式进行组合。

例如，建立一个存储过程，该存储过程通过学生学号（student_no）和课程编号（course_no）查询其成绩（grade），返回成绩和成绩的等级，成绩大于90分的为A级，小于90分大于等于80分的为B级，小于80分大于等于70分的为C级，依次到E级。那么，创建存储过程的代码如下：

```bash
create procedure dbname.proc_getGrade
(stu_no varchar(20),cour_no varchar(10))
BEGIN
declare stu_grade float;
select grade into stu_grade from grade where student_no=stu_no and course_no=cour_no;
if stu_grade>=90 then
    select stu_grade,'A';
elseif stu_grade<90 and stu_grade>=80 then
    select stu_grade,'B';
elseif stu_grade<80 and stu_grade>=70 then
    select stu_grade,'C';
elseif stu_grade70 and stu_grade>=60 then
    select stu_grade,'D';
else
    select stu_grade,'E';
end if;
END1234567891011121314151617
```

**注意**：IF作为一条语句，在END IF后需要加上分号“;”以表示语句结束，其他语句如CASE、LOOP等也是相同的。